Mame,208
Man From Harlet,246
Matt's Blues,127
Meeting of the Spirits (McLaughlin),232
Melvin on Main Street,123
Michelle (Lenno\,McCarnet),40
Midnight Sun Will Never Set,135
MIdwestern Night's Dream (F.Methany),197
Mobile (B.Shank),117
Molten Glass (J.Farrell),39
Mona Lisa,95
Montage (S.Balcomb),42
Muttnick,116
My Baby Upsets Me (J.Williams),137
My Cherie Amour,190
My One & Only Love (Wood/Mellin),41
My Romance (Rodgers&Hart),43
My Ship (Weill/Gershwin),44
My Sweet Lord (G.Harrison),217
Nancy,188
Never Can Say Goddbye(Jackson5),174
Never Never Land,186
Never Will I Marry(F.Loesser),45
Night & Day (C.Porter),46
Night Has a Thousand Eyes (Weisman/Garrett/Wayne),48
Nimbus (R.McClure),47
No Lover (C.Porter),230
Nostalgia,146
Now He Sings\, Now He Sobs (C.Corea),234
Olilugal Valley (H.Hancock),150
On a Slow Boat to China,91
On Broadway,218
Once in a While,215
One Less Bell to Answer (Bacharack),202
On the Alamo (T.Jones),90
Out of Nowhere (Green/Heyman),49
Pensativa (C.Fischer),50
People,225
Portrait of Tracy (J.Partorius),236
Pretend,96
Princess,220
Promises\, Promises,172
Quick Step(G.Gryce),128
Quiet Now (D.Zeitlin),52
